{
  "project_info": {
    "project_number": "75686088721",
    "firebase_url": "https://petinder2023-default-rtdb.firebaseio.com",
    "project_id": "petinder2023",
    "storage_bucket": "petinder2023.appspot.com"
  },
  "client": [
    {
      "client_info": {
        "mobilesdk_app_id": "1:75686088721:android:ebe3a07dfae8d36fc621b0",
        "android_client_info": {
          "package_name": "com.example.demo"
        }
      },
      "oauth_client": [],
      "api_key": [
        {
          "current_key": "AIzaSyBoOAZvaXMs1ZZ-i_bnxdnpDz9iz2WlDXo"
        }
      ],
      "services": {
        "appinvite_service": {
          "other_platform_oauth_client": []
        }
      }
    },
    {
      "client_info": {
        "mobilesdk_app_id": "1:75686088721:android:a5bfde580848093cc621b0",
        "android_client_info": {
          "package_name": "com.example.derste"
        }
      },
      "oauth_client": [],
      "api_key": [
        {
          "current_key": "AIzaSyBoOAZvaXMs1ZZ-i_bnxdnpDz9iz2WlDXo"
        }
      ],
      "services": {
        "appinvite_service": {
          "other_platform_oauth_client": []
        }
      }
    },
    {
      "client_info": {
        "mobilesdk_app_id": "1:75686088721:android:670651a17186f92bc621b0",
        "android_client_info": {
          "package_name": "com.example.petinder"
        }
      },
      "oauth_client": [],
      "api_key": [
        {
          "current_key": "AIzaSyBoOAZvaXMs1ZZ-i_bnxdnpDz9iz2WlDXo"
        }
      ],
      "services": {
        "appinvite_service": {
          "other_platform_oauth_client": []
        }
      }
    }
  ],
  "configuration_version": "1"
}